{
  "room_1_1": {
    "x": 243.095515648257,
    "y": 427.528788759117,
    "type": "room",
    "floor": 1
  },
  "room_2_1": {
    "x": 243.375038438483,
    "y": 415.50930877939,
    "type": "room",
    "floor": 1
  },
  "room_3_1": {
    "x": 226.463909629798,
    "y": 430.324016661379,
    "type": "room",
    "floor": 1
  },
  "room_4_1": {
    "x": 226.463909629798,
    "y": 421.37928737414,
    "type": "room",
    "floor": 1
  },
  "room_5_1": {
    "x": 212.767292908714,
    "y": 427.528788759117,
    "type": "room",
    "floor": 1
  },
  "room_6_1": {
    "x": 200.8875743241,
    "y": 421.099764583914,
    "type": "room",
    "floor": 1
  },
  "room_7_1": {
    "x": 200.8875743241,
    "y": 427.528788759117,
    "type": "room",
    "floor": 1
  },
  "room_8_1": {
    "x": 190.96451527107,
    "y": 417.465968310973,
    "type": "room",
    "floor": 1
  },
  "room_9_1": {
    "x": 206.617791523737,
    "y": 405.726011121473,
    "type": "room",
    "floor": 1
  },
  "room_10_1": {
    "x": 223.808443122649,
    "y": 405.726011121473,
    "type": "room",
    "floor": 1
  },
  "room_11_1": {
    "x": 199.210437582743,
    "y": 432.979483168528,
    "type": "room",
    "floor": 1
  },
  "room_12_1": {
    "x": 202.424949670344,
    "y": 431.581869217397,
    "type": "room",
    "floor": 1
  },
  "walk_1_1": {
    "x": 195.864899187223,
    "y": 436.403637348799,
    "type": "walk",
    "floor": 1
  },
  "walk_2_2": {
    "x": 196.004660582336,
    "y": 416.138235057399,
    "type": "walk",
    "floor": 2
  },
  "walk_3_1": {
    "x": 212.636266600795,
    "y": 416.277996452512,
    "type": "walk",
    "floor": 1
  },
  "walk_4_1": {
    "x": 212.496505205682,
    "y": 424.104634578846,
    "type": "walk",
    "floor": 1
  },
  "walk_5_1": {
    "x": 212.496505205682,
    "y": 428.017953642013,
    "type": "walk",
    "floor": 1
  },
  "walk_6_1": {
    "x": 206.067481030479,
    "y": 416.277996452512,
    "type": "walk",
    "floor": 1
  },
  "walk_7_1": {
    "x": 212.636266600795,
    "y": 416.277996452512,
    "type": "walk",
    "floor": 1
  },
  "walk_8_1": {
    "x": 223.118371234278,
    "y": 416.277996452512,
    "type": "walk",
    "floor": 1
  },
  "walk_9_1": {
    "x": 195.864899187223,
    "y": 423.126304813054,
    "type": "walk",
    "floor": 1
  },
  "D_D_1": {
    "x": 240.588545623416,
    "y": 412.224915994232,
    "type": "door",
    "floor": 1
  },
  "D_D_2": {
    "x": 236.675226560249,
    "y": 421.449168071697,
    "type": "door",
    "floor": 1
  },
  "D_D_3": {
    "x": 236.535465165136,
    "y": 427.45890806156,
    "type": "door",
    "floor": 1
  },
  "D_D_4": {
    "x": 223.118371234278,
    "y": 418.374417379209,
    "type": "door",
    "floor": 1
  },
  "D_D_5": {
    "x": 223.118371234278,
    "y": 424.663680159298,
    "type": "door",
    "floor": 1
  },
  "D_D_6": {
    "x": 220.183381936903,
    "y": 427.45890806156,
    "type": "door",
    "floor": 1
  },
  "D_D_7": {
    "x": 212.496505205682,
    "y": 418.514178774322,
    "type": "door",
    "floor": 1
  },
  "D_D_8": {
    "x": 203.971060103783,
    "y": 423.82511178862,
    "type": "door",
    "floor": 1
  },
  "D_D_9": {
    "x": 202.573446152652,
    "y": 424.663680159298,
    "type": "door",
    "floor": 1
  },
  "D_D_10": {
    "x": 197.96132011392,
    "y": 431.791511310066,
    "type": "door",
    "floor": 1
  },
  "D_D_11": {
    "x": 193.768478260527,
    "y": 422.986543417941,
    "type": "door",
    "floor": 1
  },
  "D_D_12": {
    "x": 204.949389869575,
    "y": 407.473028560387,
    "type": "door",
    "floor": 1
  },
  "D_D_13": {
    "x": 225.494314951201,
    "y": 407.333267165274,
    "type": "door",
    "floor": 1
  },
  "D_D_14": {
    "x": 227.031690297445,
    "y": 407.752551350613,
    "type": "door",
    "floor": 1
  },
  "D_D_15": {
    "x": 201.175832201521,
    "y": 408.032074140839,
    "type": "door",
    "floor": 1
  },
  "D_D_16": {
    "x": 181.329714095461,
    "y": 409.918852974866,
    "type": "door",
    "floor": 1
  },
  "D_D_17": {
    "x": 195.864899187223,
    "y": 436.473518046355,
    "type": "door",
    "floor": 1
  },
  "D_D_18": {
    "x": 234.299282843326,
    "y": 436.054233861016,
    "type": "door",
    "floor": 1
  },
  "elevator_ลิฟท์ชั้น1_1": {
    "x": 201.175832201521,
    "y": 405.446488331247,
    "type": "elevator",
    "floor": 1
  },
  "stairs_บันไดโรงจอดรถ_1": {
    "x": 228.569065643689,
    "y": 406.005533911699,
    "type": "stairs",
    "floor": 1
  },
  "stairs_บันไดฝั่งขวา_1": {
    "x": 235.557135399344,
    "y": 431.581869217397,
    "type": "stairs",
    "floor": 1
  },
  "stairs_บันไดฝั่งซ้าย_1": {
    "x": 196.982990348128,
    "y": 432.560198983188,
    "type": "stairs",
    "floor": 1
  }
}